﻿<?xml version="1.0" encoding="utf-8"?>
<Patch>
    <Operation Class="PatchOperationAdd">
        <xpath>/Defs/StatDef[defName="MoveSpeed"]/parts</xpath>
        <value>
        	<li Class="StatusLimitAtPeace.StatusLimitStatPart">
        		<TargetValue>MoveSpeed</TargetValue>
        	</li>
        </value>
    </Operation>
    <Operation Class="PatchOperationConditional">
        <xpath>/Defs/StatDef[defName="EatingSpeed"]/parts</xpath>
        <nomatch Class="PatchOperationAdd">
            <xpath>/Defs/StatDef[defName="EatingSpeed"]</xpath>
            <value>
            	<parts>
    	        	<li Class="StatusLimitAtPeace.StatusLimitStatPart">
    	        		<TargetValue>EatingSpeed</TargetValue>
    	        	</li>
           		</parts>
            </value>
        </nomatch>
        <match Class="PatchOperationAdd">
            <xpath>/Defs/StatDef[defName="EatingSpeed"]/parts</xpath>
            <value>
                <li Class="StatusLimitAtPeace.StatusLimitStatPart">
                    <TargetValue>EatingSpeed</TargetValue>
                </li>
            </value>
        </match>
    </Operation>
    <Operation Class="PatchOperationConditional">
        <xpath>/Defs/StatDef[defName="GeneralLaborSpeed"]/parts</xpath>
        <nomatch Class="PatchOperationAdd">
            <xpath>/Defs/StatDef[defName="GeneralLaborSpeed"]</xpath>
            <value>
                <parts>
                    <li Class="StatusLimitAtPeace.StatusLimitStatPart">
                        <TargetValue>GeneralLaborSpeed</TargetValue>
                    </li>
                </parts>
            </value>
        </nomatch>
        <match Class="PatchOperationAdd">
            <xpath>/Defs/StatDef[defName="GeneralLaborSpeed"]/parts</xpath>
            <value>
                <li Class="StatusLimitAtPeace.StatusLimitStatPart">
                    <TargetValue>GeneralLaborSpeed</TargetValue>
                </li>
            </value>
        </match>
    </Operation>
    <Operation Class="PatchOperationConditional">
        <xpath>/Defs/StatDef[defName="ConstructionSpeed"]/parts</xpath>
        <nomatch Class="PatchOperationAdd">
            <xpath>/Defs/StatDef[defName="ConstructionSpeed"]</xpath>
            <value>
                <parts>
                    <li Class="StatusLimitAtPeace.StatusLimitStatPart">
                        <TargetValue>ConstructionSpeed</TargetValue>
                    </li>
                </parts>
            </value>
        </nomatch>
        <match Class="PatchOperationAdd">
            <xpath>/Defs/StatDef[defName="ConstructionSpeed"]/parts</xpath>
            <value>
                <li Class="StatusLimitAtPeace.StatusLimitStatPart">
                    <TargetValue>ConstructionSpeed</TargetValue>
                </li>
            </value>
        </match>
    </Operation>
    <Operation Class="PatchOperationConditional">
        <xpath>/Defs/StatDef[defName="PlantWorkSpeed"]/parts</xpath>
        <nomatch Class="PatchOperationAdd">
            <xpath>/Defs/StatDef[defName="PlantWorkSpeed"]</xpath>
            <value>
                <parts>
                    <li Class="StatusLimitAtPeace.StatusLimitStatPart">
                        <TargetValue>PlantWorkSpeed</TargetValue>
                    </li>
                </parts>
            </value>
        </nomatch>
        <match Class="PatchOperationAdd">
            <xpath>/Defs/StatDef[defName="PlantWorkSpeed"]/parts</xpath>
            <value>
                <li Class="StatusLimitAtPeace.StatusLimitStatPart">
                    <TargetValue>PlantWorkSpeed</TargetValue>
                </li>
            </value>
        </match>
    </Operation>
    <Operation Class="PatchOperationConditional">
        <xpath>/Defs/StatDef[defName="MiningSpeed"]/parts</xpath>
        <nomatch Class="PatchOperationAdd">
            <xpath>/Defs/StatDef[defName="MiningSpeed"]</xpath>
            <value>
                <parts>
                    <li Class="StatusLimitAtPeace.StatusLimitStatPart">
                        <TargetValue>MiningSpeed</TargetValue>
                    </li>
                </parts>
            </value>
        </nomatch>
        <match Class="PatchOperationAdd">
            <xpath>/Defs/StatDef[defName="MiningSpeed"]/parts</xpath>
            <value>
                <li Class="StatusLimitAtPeace.StatusLimitStatPart">
                    <TargetValue>MiningSpeed</TargetValue>
                </li>
            </value>
        </match>
    </Operation>
    <Operation Class="PatchOperationConditional">
        <xpath>/Defs/StatDef[defName="RestRateMultiplier"]/parts</xpath>
        <nomatch Class="PatchOperationAdd">
            <xpath>/Defs/StatDef[defName="RestRateMultiplier"]</xpath>
            <value>
                <parts>
                    <li Class="StatusLimitAtPeace.StatusLimitStatPart">
                        <TargetValue>RestRateMultiplier</TargetValue>
                    </li>
                </parts>
            </value>
        </nomatch>
        <match Class="PatchOperationAdd">
            <xpath>/Defs/StatDef[defName="RestRateMultiplier"]/parts</xpath>
            <value>
                <li Class="StatusLimitAtPeace.StatusLimitStatPart">
                    <TargetValue>RestRateMultiplier</TargetValue>
                </li>
            </value>
        </match>
    </Operation>
    <Operation Class="PatchOperationConditional">
        <xpath>/Defs/StatDef[defName="BedRestEffectiveness"]/parts</xpath>
        <nomatch Class="PatchOperationAdd">
            <xpath>/Defs/StatDef[defName="BedRestEffectiveness"]</xpath>
            <value>
                <parts>
                    <li Class="StatusLimitAtPeace.StatusLimitStatPart">
                        <TargetValue>BedRestEffectiveness</TargetValue>
                    </li>
                </parts>
            </value>
        </nomatch>
        <match Class="PatchOperationAdd">
            <xpath>/Defs/StatDef[defName="BedRestEffectiveness"]/parts</xpath>
            <value>
                <li Class="StatusLimitAtPeace.StatusLimitStatPart">
                    <TargetValue>BedRestEffectiveness</TargetValue>
                </li>
            </value>
        </match>
    </Operation>
    <Operation Class="PatchOperationConditional">
        <xpath>/Defs/StatDef[defName="JoyGainFactor"]/parts</xpath>
        <nomatch Class="PatchOperationAdd">
            <xpath>/Defs/StatDef[defName="JoyGainFactor"]</xpath>
            <value>
                <parts>
                    <li Class="StatusLimitAtPeace.StatusLimitStatPart">
                        <TargetValue>JoyGainFactor</TargetValue>
                    </li>
                </parts>
            </value>
        </nomatch>
        <match Class="PatchOperationAdd">
            <xpath>/Defs/StatDef[defName="JoyGainFactor"]/parts</xpath>
            <value>
                <li Class="StatusLimitAtPeace.StatusLimitStatPart">
                    <TargetValue>JoyGainFactor</TargetValue>
                </li>
            </value>
        </match>
    </Operation>
</Patch>